z,mu,sigma_mu
0.50309,42.28445,0.12605
0.4948,42.230199999999996,0.11765
0.67767,43.3877,0.2056
0.8665,43.69685,0.17385
0.79857,43.710499999999996,0.17435
0.37144,41.63785,0.1245
0.35582,41.40915,0.12645
0.2836,40.759150000000005,0.1028
0.4664,42.56635,0.1587
0.94688,43.76155,0.1642
0.69315,43.14645,0.24445
0.89693,43.752750000000006,0.16645
0.78904,43.5688,0.11585
0.59027,42.6854,0.1666
0.21075,39.99495,0.10525
0.85852,43.4737,0.1478
0.55875,42.5148,0.1335
0.9964,44.04965,0.1408
0.58294,42.69385,0.1258
0.79656,43.20445,0.1588
0.91348,43.72895,0.13735
0.94846,44.01675,0.15105
0.73362,43.1981,0.15575
0.7656,43.45805,0.1549
0.98341,44.178,0.153
0.70064,43.099199999999996,0.1738
0.83814,43.5045,0.1807
0.3706,41.4901,0.1211
0.35858,41.309650000000005,0.1186
0.52278,42.509150000000005,0.14165
0.70198,43.0615,0.26255
0.74613,43.1556,0.16465
0.59185,42.5929,0.12625
0.62063,42.8614,0.1131
1.00279,44.4298,0.19135
0.61064,42.82615,0.1329
0.35833,41.3194,0.11425
0.45155,41.7659,0.12515
0.5526,42.33515,0.13425
0.75068,43.113,0.19155
0.82269,43.6856,0.14625
0.95076,44.03515,0.14485
0.34052,41.2963,0.10555
0.81072,43.429500000000004,0.17055
0.61124,43.089200000000005,0.1593
0.54831,42.2426,0.1438
1.02879,44.078900000000004,0.16015
0.42244,41.70675,0.1192
0.70115,43.258750000000006,0.1805
0.68517,43.194,0.2326
0.93189,43.89795,0.15235
0.74909,43.16055,0.18275
0.4684,42.08255,0.11785
0.95886,44.15665,0.17245
0.84053,43.57255,0.1456
0.56276,42.5928,0.11755
0.82854,43.74785,0.1526
0.57875,42.57495,0.12065
0.8645,43.719300000000004,0.14625
0.85851,43.794200000000004,0.16535
0.58575,42.9194,0.1417
0.48881,42.2153,0.1136
0.68866,42.9632,0.1518
0.32454,41.14365,0.10225
0.18538,39.805800000000005,0.10405
0.68196,42.94755,0.1484
0.92223,43.705,0.1708
0.42866,42.101,0.1294
0.69998,43.30255,0.2153
0.57584,42.73495,0.13845
0.51176,42.46305,0.1165
0.64191,42.97155,0.1659
0.35157,41.577200000000005,0.1136
0.34957,41.49445,0.11065
0.35527,41.586650000000006,0.113
0.87217,43.690200000000004,0.1332
0.92624,44.118700000000004,0.10935
0.41957,41.94095,0.12095
0.89073,43.5304,0.14085
0.48057,42.12520000000001,0.1151
0.5806,42.71785,0.1608
0.80569,43.445750000000004,0.1555
0.66464,42.9837,0.1611
0.74566,43.35735,0.1527
0.73669,43.12845,0.1399
0.37053,41.39575000000001,0.11295
0.85073,43.66865,0.1304
0.21946,40.1969,0.1023
0.64764,42.9759,0.1613
0.6006,42.7522,0.15455
0.7607,43.27525,0.14995
0.47057,42.153999999999996,0.1221
0.49737,42.2775,0.13225
0.50736,42.3205,0.1253
0.58728,42.79375,0.14055
0.69915,43.12905000000001,0.15635
0.76108,43.40415,0.16035
0.78805,43.456900000000005,0.13815
0.40547,41.914,0.11045
0.80804,43.90735,0.16345
0.58328,42.9581,0.12955
0.72013,43.372600000000006,0.19335
0.83699,43.6554,0.1427
0.80603,43.6044,0.1837
0.50074,42.4005,0.13595
0.53378,42.2845,0.1665
0.82212,43.5176,0.18525
0.12531,38.8184,0.10355
0.44368,41.92415,0.1349
0.68366,43.2941,0.2905
0.72668,43.25005,0.1628
0.40455,41.79625,0.1075
0.69065,43.1027,0.18375
0.57661,42.5937,0.1229
0.72068,43.22645,0.2029
0.55031,42.518150000000006,0.1249
0.84797,43.6605,0.16975
0.43544,41.716750000000005,0.109
0.30158,40.992450000000005,0.0939
0.58073,42.87355,0.1372
0.34593,41.46525,0.111
0.33094,41.13290000000001,0.10685
0.44956,42.13895,0.14135
0.29172,40.82215,0.12535
0.46127,41.97945,0.13775
0.63222,43.01065,0.20445
0.26862,40.5262,0.0993
0.92491,44.0916,0.1923
0.62522,42.81015,0.1303
0.60825,42.7267,0.1266
0.57828,42.5873,0.13895
0.71963,43.175250000000005,0.2057
0.7666,43.59705,0.1593
0.36791,41.59455,0.1019
0.84852,43.68175,0.14855
0.7766,43.4442,0.17835
0.58375,42.6186,0.09915
0.58873,42.650850000000005,0.13005
0.76859,43.5578,0.16885
0.5138,42.477450000000005,0.1329
0.63771,42.72,0.2329
0.43487,41.9123,0.1145
0.58375,42.813550000000006,0.14025
0.66206,43.09875,0.17955
0.62189,42.7608,0.1628
0.41664,41.8654,0.11755
0.45169,41.71265,0.1377
0.73401,43.39855,0.24055
0.74202,43.612750000000005,0.21515
0.34957,41.09,0.12
0.51476,42.53845,0.1355
0.64364,42.95755,0.1943
0.47058,42.00205,0.12925
0.26349,40.50515,0.1079
0.7427,43.27255,0.19885
0.91075,43.961600000000004,0.16365
0.33753,41.2637,0.10655
0.98377,44.27305,0.1439
0.81369,43.616749999999996,0.14105
0.81773,43.6931,0.12085
0.96075,43.9236,0.1577
0.75669,43.38965,0.1583
0.87796,43.77165,0.14325
0.80902,43.557950000000005,0.1668
0.62723,42.763400000000004,0.138
0.93389,44.115300000000005,0.2009
0.69715,43.13265,0.16195
0.76706,43.734899999999996,0.17855
0.86397,43.74625,0.15285
0.51434,42.337450000000004,0.11725
0.47039,42.450500000000005,0.141
0.9279,44.1289,0.1829
0.63071,42.7592,0.1432
0.6157,42.916250000000005,0.1433
0.56475,42.6391,0.13595
0.55775,42.5994,0.1349
0.73561,43.419250000000005,0.19205
0.26199,40.50835,0.1082
0.76159,43.32575,0.15445
0.85852,43.89425,0.17845
0.55875,42.956100000000006,0.15165
0.48072,42.098349999999996,0.1138
0.92224,43.92175,0.18725
0.47572,42.0452,0.109
0.8932,43.9281,0.1577
0.6319,42.511700000000005,0.17705
0.73602,43.37845,0.2108
0.41865,41.73625,0.1152
0.53578,42.33355,0.1266
0.73501,43.44175,0.17825
0.60987,42.8947,0.14865
0.70198,43.1887,0.16475
0.9833,44.13095,0.143
0.75905,43.4057,0.15165
0.64364,42.9545,0.2013
0.51559,42.37365,0.1762
0.80569,43.3639,0.1301
0.8007,43.17255,0.1606
0.71565,43.19395,0.19425
0.76668,43.5807,0.1806
0.90173,43.8628,0.1511
0.71868,43.03915000000001,0.15095
0.5796,42.5279,0.1197
0.96074,44.15925,0.14255
0.64864,42.88665,0.159
0.93675,43.8217,0.1405
0.46156,42.11265,0.11115
0.67065,43.13495,0.1775
0.24649,40.51055,0.10805
0.63822,42.840050000000005,0.184
0.53532,42.41945,0.11085
0.77307,43.52605,0.17625
0.3705,41.50255,0.1043
0.69916,43.23895,0.1728
0.3735,41.46185,0.1039
0.85298,43.6552,0.1508
0.60326,42.938050000000004,0.1429
0.53433,42.2723,0.1289
0.40048,41.6101,0.1151
0.3715,41.55135,0.10745
0.83999,43.3753,0.15175
0.53278,42.409000000000006,0.11385
0.93225,44.054,0.21015
0.55381,42.6338,0.1242
0.84214,43.676100000000005,0.1858
0.72767,43.2187,0.19785
0.44255,42.022850000000005,0.1137
0.28251,40.9246,0.1073
0.51961,42.38865,0.109
1.0608,44.0373,0.16415
0.26849,40.59725,0.1051
0.2505,40.526300000000006,0.1114
0.69816,43.1424,0.2171
0.73012,43.1184,0.19115
0.99781,43.9622,0.0953
0.40946,41.801,0.10895
0.12679,38.8929,0.11965
0.25577,40.6844,0.1818
0.08859,37.99345,0.10605
0.11782,38.54345,0.0991
0.18356,39.6451,0.1284
0.14055,39.221000000000004,0.11635
0.15171,39.143299999999996,0.10325
0.094,38.239000000000004,0.10285
0.28631,41.032700000000006,0.1504
0.26318,40.7076,0.14295
0.14167,39.14675,0.1047
0.16053,39.2829,0.1156
0.1229,38.7448,0.11665
0.1262,38.71855,0.113
0.17331,39.50345,0.09925
0.16448,39.38175,0.1083
0.16018,39.272850000000005,0.11045
0.24488,40.21815,0.1298
0.24805,40.33175,0.13435
0.27511,40.72075,0.15505
0.33015,41.2821,0.1589
0.3307,41.17885,0.1481
0.1604,39.33615,0.10955
0.21861,40.22005,0.13435
0.12005,38.71835,0.1021
0.17818,40.07835,0.1286
0.279,40.851150000000004,0.13265
0.18562,39.833650000000006,0.1298
0.06641,37.3381,0.1134
0.25769,40.6275,0.14285
0.27946,40.627300000000005,0.1398
0.2655,40.4109,0.1301
0.18478,39.72525,0.1056
0.05715,37.00695,0.1072
0.32601,41.023300000000006,0.1464
0.10902,38.5221,0.10285
0.20299,40.0501,0.1382
0.37949,41.48745,0.1395
0.21198,40.03915000000001,0.12295
0.21327,40.13295,0.1364
0.14393,39.18575,0.113
0.25218,40.5178,0.16095
0.25641,40.6258,0.1749
0.2186,40.326,0.1685
0.07883,37.889700000000005,0.12205
0.08328,38.0938,0.11605
0.17008,39.5989,0.107
0.23643,40.22655,0.14325
0.30538,40.7303,0.19765
0.08286,37.867900000000006,0.1055
0.18905,39.5539,0.1187
0.08162,37.861000000000004,0.10425
0.25626,40.6064,0.16145
0.12631,38.935249999999996,0.13485
0.1028,38.511750000000006,0.1443
0.1244,38.8284,0.1006
0.37003,41.81065,0.1636
0.20192,39.73595,0.11475
0.18004,40.03245,0.14335
0.16163,39.4859,0.1299
0.22644,40.2271,0.141
0.29649,40.7949,0.1446
0.24999,40.55115,0.13305
0.14864,39.268150000000006,0.1063
0.14711,39.126000000000005,0.10335
0.2149,40.55185,0.1483
0.14462,39.1606,0.13965
0.13226,39.279300000000006,0.1333
0.2195,40.35055,0.1346
0.38447,41.755750000000006,0.14945
0.1742,39.6961,0.1115
0.17772,39.55345,0.1224
0.29911,40.869749999999996,0.1301
0.1187,38.79875,0.1339
0.17685,39.5897,0.106
0.24526,40.7252,0.1882
0.1959,39.898250000000004,0.11935
0.24832,40.44655,0.1326
0.30617,41.12705,0.16135
0.24616,40.5069,0.13055
0.13527,39.317099999999996,0.1135
0.21028,39.9902,0.1335
0.23603,40.5047,0.12315
0.17831,39.725350000000006,0.1134
0.22043,40.167950000000005,0.15445
0.31468,41.170100000000005,0.1572
0.1846,39.90175,0.1118
0.2611,40.5536,0.13865
0.18122,39.56145,0.10535
0.38003,41.38255,0.1506
0.1846,39.73765,0.1082
0.20824,40.00465,0.12075
0.17746,39.68625,0.12905
0.31555,41.0668,0.15355
0.24954,40.5176,0.1247
0.20324,40.0009,0.11955
0.12347,38.769800000000004,0.10285
0.20314,39.99385,0.12035
0.15352,39.4726,0.10495
0.33398,41.2849,0.1592
0.19582,39.878600000000006,0.1151
0.24943,40.4269,0.14445
0.1549,39.3751,0.1063
0.15625,39.33785,0.12595
0.15819,39.16685,0.12375
0.309,41.1614,0.19685
0.24828,40.4761,0.1388
0.18484,39.66575,0.1235
0.18353,39.8574,0.1247
0.18212,39.72965000000001,0.13765
0.17675,39.635450000000006,0.129
0.17748,39.421800000000005,0.12115
0.0718,37.3621,0.1254
0.13796,39.01285,0.10475
0.16941,39.81515,0.1317
0.24527,40.0698,0.14705
0.14406,39.166650000000004,0.10485
0.25163,40.5838,0.1462
0.03743,36.1208,0.1166
0.27716,41.2307,0.2055
0.28712,40.6168,0.1491
0.19845,39.96015,0.13895
0.16031,39.426050000000004,0.129
0.21053,40.363600000000005,0.15075
0.23753,40.3647,0.1316
0.15499,39.49265,0.11795
0.0939,38.299549999999996,0.14945
0.15253,39.435550000000006,0.11355
0.25693,40.6241,0.1446
0.21231,40.15065,0.1303
0.24583,40.23445,0.13085
0.13679,39.114850000000004,0.11075
0.32529,41.2551,0.1809
0.10643,38.44035,0.10245
0.4008,41.65585,0.1602
0.1891,39.8364,0.13035
0.19731,39.7852,0.1122
0.12783,38.9116,0.132
0.12291,38.79025,0.1033
0.12687,38.943250000000006,0.10365
0.21311,40.02635,0.1429
0.21075,40.077,0.12695
0.26826,40.838300000000004,0.15275
0.20431,40.01435,0.12435
0.26991,40.63590000000001,0.12695
0.24162,40.33075,0.15175
0.2908,40.586,0.14645
0.35306,41.16675,0.1515
0.28509,40.95225000000001,0.15435
0.21929,40.0219,0.1534
0.17537,39.59765,0.1249
0.23517,40.3429,0.1458
0.15298,39.34965,0.1096
0.20982,40.25475,0.1584
0.29121,40.86945,0.1501
0.31353,41.1725,0.14945
0.13672,39.0902,0.1138
0.29532,41.1208,0.1925
0.30369,40.84625,0.135
0.20532,40.08155,0.1351
0.12175,38.69125,0.09805
0.17424,39.5869,0.11045
0.24862,40.552800000000005,0.13995
0.2453,40.465900000000005,0.14105
0.13816,39.1995,0.1169
0.24288,40.37795,0.1175
0.24237,40.53455,0.15195
0.31437,40.7118,0.137
0.2754,40.798500000000004,0.153
0.30004,40.7704,0.15885
0.21735,40.24395,0.15665
0.20311,39.9234,0.12555
0.19005,39.7561,0.1552
0.29003,40.7214,0.15315
0.22796,40.18435,0.15045
0.31032,40.80975,0.15795
0.13712,39.47265,0.11415
0.08798,38.0296,0.1066
0.08534,37.97285,0.1057
0.19024,39.998599999999996,0.11825
0.09278,38.2076,0.109
0.12891,38.93985,0.12795
0.26136,40.5168,0.15835
0.26132,40.8059,0.17885
0.1957,39.967150000000004,0.12925
0.14723,39.189750000000004,0.1218
0.21154,40.49485,0.1818
0.17972,39.65175,0.11325
0.1907,40.0428,0.11925
0.3385,41.139700000000005,0.1618
0.11762,38.76925,0.10595
0.28854,40.8795,0.1639
0.26377,40.617900000000006,0.15695
0.24931,40.73165,0.1409
0.22939,40.2294,0.1271
0.08575,37.958,0.10035
0.27631,40.97545,0.19055
0.36165,41.5244,0.1645
0.30006,40.975350000000006,0.16525
0.11659,38.73465,0.1036
0.15474,39.18105,0.1045
0.2501,40.6482,0.13225
0.25149,40.559,0.1266
0.12941,38.8971,0.1075
0.30894,41.07385,0.1693
0.29859,41.01705,0.1633
0.27057,40.691900000000004,0.169
0.29318,40.92975,0.1437
0.18988,39.81505,0.1185
0.12368,38.752300000000005,0.1022
0.31262,40.980850000000004,0.14295
0.3088,41.18605,0.15525
0.20244,39.952650000000006,0.13765
0.21139,39.9747,0.1276
0.1787,39.7525,0.1152
0.30317,41.222,0.13765
0.21432,40.1717,0.1308
0.32007,41.0456,0.1358
0.21791,40.281800000000004,0.14225
0.07523,37.6488,0.10185
0.2574,40.72115,0.15
0.18446,39.7147,0.13065
0.11639,38.64475,0.10185
0.06481,37.22655,0.1109
0.10298,38.510450000000006,0.103
0.04437,36.274150000000006,0.11995
0.16576,39.2845,0.12155
0.16799,39.4023,0.1219
0.17043,39.47375,0.14255
0.12029,38.870050000000006,0.11295
0.13855,39.11995,0.1308
0.23353,40.27065,0.1527
0.24615,40.3723,0.14645
0.22259,40.430400000000006,0.1546
0.17893,39.6309,0.1225
0.19694,39.9318,0.1167
0.22889,40.34445,0.14355
0.26419,40.80355,0.1665
0.1034,38.45195,0.1007
0.21313,40.08185,0.12325
0.1568,39.294,0.1104
0.24317,40.59885,0.15475
0.23823,40.5981,0.14335
0.20827,40.051950000000005,0.1319
0.25085,40.7564,0.1659
0.2251,40.211,0.12955
0.28707,40.804050000000004,0.14295
0.32944,41.00335,0.14295
0.24575,40.478,0.1225
0.11981,39.001850000000005,0.142
0.32891,41.56015,0.20955
0.21037,39.926550000000006,0.1203
0.20284,40.084900000000005,0.1164
0.28403,40.6482,0.13635
0.18046,39.48755,0.10565
0.26043,40.66275,0.1521
0.14774,39.1903,0.1023
0.32753,41.155150000000006,0.13855
0.24177,40.6952,0.1569
0.22308,40.28075,0.1281
0.18261,39.93185,0.1376
0.15286,39.3524,0.10245
0.13806,39.053250000000006,0.10245
0.2071,40.38995,0.18575
0.20291,39.99165,0.1209
0.19777,39.84105,0.129
0.2223,40.2856,0.1392
0.27307,40.65625,0.14505
0.18628,39.875150000000005,0.11385
0.15933,39.18815,0.1054
0.21911,40.2354,0.1261
0.17354,39.8312,0.1283
0.2441,40.310249999999996,0.1449
0.13366,38.94395,0.101
0.28313,40.7941,0.13595
0.17365,39.678399999999996,0.1373
0.1963,40.057950000000005,0.1369
0.36924,41.61255,0.14325
0.20562,39.915800000000004,0.12095
0.17371,39.63215,0.12665
0.12672,38.876000000000005,0.1097
0.284,40.824,0.15145
0.19358,39.945800000000006,0.1361
0.10036,38.307050000000004,0.11145
0.37386,41.654700000000005,0.0854
0.11787,38.70185,0.11365
0.1919,39.8815,0.1404
0.23657,40.36435,0.146
0.15881,39.34615,0.1245
0.07877,38.107600000000005,0.11205
0.13847,39.34935,0.13335
0.23359,40.234750000000005,0.1537
0.1567,39.374750000000006,0.15485
0.08833,37.8309,0.11615
0.12995,39.14635,0.12165
0.18223,39.685900000000004,0.12625
0.25654,40.489850000000004,0.14805
0.21651,40.1623,0.13625
0.14519,39.25865,0.1399
0.13653,38.93645,0.1105
0.20493,40.284000000000006,0.1568
0.36939,41.397450000000006,0.1558
0.12924,38.962050000000005,0.10875
0.26658,40.682249999999996,0.14765
0.27805,40.7366,0.13915
0.17461,39.8556,0.1317
0.11376,38.4771,0.10675
0.11229,38.73095,0.1026
0.15333,39.192400000000006,0.10465
0.1965,40.087900000000005,0.13845
0.18914,40.23525,0.12885
0.17708,39.826750000000004,0.1273
0.21731,40.1309,0.13945
0.18542,39.68785,0.1283
0.16382,39.3737,0.11915
0.2569,40.69695,0.16715
0.1218,38.93065,0.13445
0.16514,39.444050000000004,0.10665
0.1984,39.990700000000004,0.1317
0.26828,40.74935,0.16265
0.40078,41.515,0.1348
0.14566,39.0231,0.12755
0.05573,36.91165,0.10915
0.22425,40.51495,0.15345
0.28622,40.77305,0.15585
0.18365,39.90265,0.14145
0.1036,38.31075,0.10555
0.33096,41.38,0.19055
0.2184,40.11195,0.1415
0.26327,40.385000000000005,0.1514
0.16267,39.5983,0.1303
0.10689,38.5684,0.10455
0.16503,39.4349,0.11585
0.10757,38.594750000000005,0.10865
0.12913,38.8583,0.1143
0.05948,37.067750000000004,0.12625
0.04093,36.4028,0.11665
0.01705,34.206450000000004,0.1832
0.01531,33.94755,0.1613
0.01472,33.9658,0.14905
0.02673,35.32105,0.16165
0.01732,34.2218,0.1587
0.04437,36.07085,0.19805
0.01567,33.7807,0.15405
0.02477,35.0093,0.1718
0.038,36.1164,0.13185
0.0299,35.591300000000004,0.123
0.01012,33.257450000000006,0.19825
0.0258,35.5148,0.1376
0.01038,33.3996,0.2048
0.03791,35.935100000000006,0.2001
0.03507,35.80115,0.16785
0.01268,33.7986,0.171
0.02525,35.17815,0.13295
0.01908,34.7034,0.14115
0.03489,35.71835,0.1667
0.0295,35.6938,0.12735
0.03416,35.925650000000005,0.1563
0.04067,36.1428,0.1127
0.07515,37.238200000000006,0.1248
0.05581,36.58215,0.12285
0.02529,35.1396,0.1405
0.03501,36.0081,0.12485
0.02846,35.3551,0.13405
0.0328,35.99085,0.12525
0.03378,35.73795,0.1403
0.04597,36.6322,0.1025
0.04341,36.28145000000001,0.1209
0.05684,37.08355,0.1203
0.02024,34.6368,0.12735
0.03191,35.94205,0.12775
0.0415,36.3467,0.1259
0.02639,35.28305,0.1399
0.02651,35.41745,0.1248
0.02689,35.22545,0.126
0.02349,34.973600000000005,0.1338
0.05067,36.922250000000005,0.158
0.04093,36.080200000000005,0.1297
0.06877,37.518150000000006,0.11055
0.01754,34.3341,0.1341
0.02557,35.2107,0.1496
0.02189,34.88085,0.1381
0.03155,35.477900000000005,0.14115
0.06845,37.66035,0.1248
0.02249,34.91975,0.1391
0.04949,36.67405,0.12545
0.03161,35.723600000000005,0.12625
0.03434,35.962950000000006,0.1249
0.04486,36.5555,0.14795
0.01531,34.09935,0.1526
0.03048,35.60295,0.1342
0.03837,36.2521,0.16555
0.03682,36.12055,0.12655
0.0221,35.1295,0.13695
0.01402,33.99805,0.16195
0.0589,37.142,0.11395
0.05895,37.1207,0.10045
0.06888,37.5278,0.15105
0.0204,35.0567,0.156
0.02894,35.376850000000005,0.1316
0.02384,35.0513,0.1335
0.01451,34.24705,0.16765
0.03292,35.80200000000001,0.1185
0.06455,37.13945,0.1136
0.01663,34.36385,0.15025
0.05359,36.8187,0.1439
0.03163,35.56965,0.11945
0.02751,35.3478,0.1291
0.02559,34.9014,0.1259
0.02401,35.13645,0.12635
0.03713,35.91045,0.1177
0.03408,35.749750000000006,0.12455
0.02454,34.9501,0.1278
0.01697,34.26335,0.1531
0.01629,34.52685,0.15115
0.03184,35.69225,0.12125
0.037,36.09885,0.12725
0.02932,35.214800000000004,0.1457
0.0174,34.61595,0.1485
0.03578,35.94205,0.1761
0.02845,35.397850000000005,0.1364
0.05035,36.640299999999996,0.16335
0.04269,36.28325,0.117
0.03212,35.58615,0.1431
0.02752,35.4169,0.14255
0.03049,35.63725,0.1419
0.01724,34.2794,0.1556
0.07063,37.40925,0.1229
0.05344,36.97205,0.1398
0.02878,35.45835,0.12155
0.03518,35.772450000000006,0.15235
0.03348,35.830200000000005,0.15235
0.04651,36.531850000000006,0.11625
0.06119,37.27460000000001,0.11905
0.04714,36.51275,0.12315
0.0212,34.7966,0.1437
0.04028,36.1706,0.11335
0.03863,36.21145,0.1275
0.03314,35.74225,0.12215
0.02414,35.03035,0.1291
0.02837,35.4544,0.12155
0.01043,33.2748,0.20035
0.02038,34.77955,0.14185
0.0471,36.3342,0.14465
0.03984,36.0574,0.1146
0.0122,33.8066,0.1737
0.01271,33.6311,0.1749
0.01763,34.2854,0.1562
0.02171,34.852000000000004,0.13615
0.01572,34.21115,0.1939
0.01972,34.626450000000006,0.15785
0.01678,34.27685,0.15925
0.01226,33.8174,0.17765
0.05322,36.92915,0.12805
0.03055,35.23935,0.45085
0.03001,35.523300000000006,0.12025
0.01506,33.969300000000004,0.15445
0.0153,34.0205,0.1456
0.04713,36.5179,0.1151
0.03411,35.865,0.1148
0.0152,33.885450000000006,0.1635
0.01504,34.04915,0.1491
0.02763,35.58455,0.1179
0.03359,35.94355,0.1061
0.01447,33.9908,0.16555
0.02547,35.21575,0.1242
0.01082,33.3586,0.18445
0.01741,34.45,0.1498
0.02031,34.65565,0.1353
0.04819,36.784400000000005,0.12175
0.02223,34.7418,0.13205
0.02811,35.6965,0.12485
0.05458,36.8021,0.1018
0.05721,36.95445,0.1094
0.02091,34.71595,0.1368
0.01454,34.34535,0.1656
0.0431,36.326750000000004,0.10685
0.03273,35.734300000000005,0.1205
0.03399,35.701350000000005,0.11105
0.01382,33.82835,0.15385
0.05092,36.77035,0.1224
0.01752,34.4058,0.1465
0.02482,34.99995,0.13485
0.0288,35.44165,0.13605
0.01568,34.108900000000006,0.1525
0.02197,34.71745,0.1436
0.03426,35.8201,0.12025
0.01698,34.0197,0.1558
0.02752,35.58595,0.1341
0.03438,35.9571,0.12105
0.01318,33.90605,0.17285
0.01726,34.2656,0.1511
0.01209,33.329100000000004,0.1914
0.05418,36.671800000000005,0.11385
0.0197,34.80455,0.1578
0.01662,33.9812,0.14705
0.02398,35.1739,0.13525
0.03144,35.66895,0.12075
0.01291,33.5403,0.1716
0.03827,36.34715,0.1201
0.01532,34.2986,0.16405
0.02643,35.26835,0.1425
0.0202,34.37285,0.15165
0.0373,36.1696,0.11505
0.02348,35.01265,0.13895
0.01635,34.2331,0.1518
0.02275,34.8848,0.13625
0.23027,40.3638,0.14645
0.38164,41.87675,0.14085
0.2534,40.44145,0.11245
0.15269,39.28715,0.11585
0.43673,42.19545,0.14185
0.10242,38.50365,0.1077
0.37164,41.477450000000005,0.10645
0.46664,42.1322,0.11645
0.19602,39.85135,0.109
0.31156,41.0917,0.10825
0.0322,35.822,0.1289
0.10989,38.64245,0.12085
0.22562,40.073,0.12425
0.26051,40.577650000000006,0.12265
0.22556,40.212900000000005,0.1228
0.44758,41.94905,0.1524
0.44007,42.20455,0.16925
0.33742,41.090450000000004,0.14605
0.52851,42.1922,0.14315
0.57613,42.5859,0.14515
0.38775,41.7391,0.15885
0.36001,41.277550000000005,0.1335
0.34701,41.1412,0.14045
0.43927,41.91615,0.132
0.34923,41.2075,0.11575
0.43015,41.894400000000005,0.12545
0.50818,42.1293,0.14135
0.28845,40.8326,0.1256
0.17281,39.84025,0.1308
0.31774,41.1887,0.1521
0.27509,40.857150000000004,0.1382
0.10293,38.25405000000001,0.12325
0.20584,39.9039,0.15765
0.2646,40.5949,0.1389
0.23466,40.2144,0.19515
0.21434,40.084050000000005,0.17345
0.42784,42.38515,0.17065
0.40214,41.6036,0.149
0.32218,40.89775,0.14025
0.45173,42.07345,0.12465
0.16139,39.42365,0.12015
0.35161,41.40965,0.1158
0.249,40.37715,0.11585
0.08223,37.879450000000006,0.1223
0.10588,38.4667,0.10015
0.33293,41.400800000000004,0.14375
0.10227,38.4031,0.1106
0.29282,40.839600000000004,0.1351
0.13269,38.88775,0.0994
0.27088,40.574250000000006,0.12
0.10044,38.4307,0.10935
0.35363,41.4958,0.14555
0.42353,41.949,0.2655
0.30012,41.06085,0.11935
0.14761,39.23745,0.11365
0.22853,40.315250000000006,0.12895
0.1388,39.17205,0.1072
0.14343,39.230050000000006,0.10815
0.09201,38.3047,0.1139
0.1568,39.4739,0.12545
0.23851,40.545550000000006,0.2471
0.14949,39.50155,0.16675
0.50718,42.3437,0.1404
0.25249,40.557550000000006,0.11325
0.28397,40.6663,0.1146
0.2368,40.3724,0.1241
0.34092,41.23785,0.1485
0.26388,40.414,0.1418
0.34872,41.4662,0.13315
0.32095,41.06485,0.1245
0.13523,39.15745,0.1216
0.30666,41.23165,0.1627
0.23362,40.56045,0.1599
0.30078,41.26835,0.1704
0.36783,41.3404,0.12345
0.1694,39.6054,0.1144
0.07976,37.687,0.10315
0.1806,39.7364,0.1142
0.18071,39.69675,0.16425
0.23086,40.38315,0.15375
0.04582,36.64255,0.1243
0.22146,40.1353,0.1197
0.20073,39.8774,0.21145
0.0755,37.728,0.11965
0.02627,35.33385,0.1362
0.19141,39.405,0.15515
0.1777,39.705200000000005,0.11035
0.18542,39.887100000000004,0.1169
0.34931,41.37925,0.13805
0.27131,40.65945,0.10785
0.29212,40.52535,0.1226
0.37051,41.144400000000005,0.11375
0.09641,38.1715,0.14795
0.18058,39.62520000000001,0.1117
0.27446,40.7234,0.1525
0.2451,40.608900000000006,0.1441
0.36135,41.2582,0.2036
0.23152,40.27185,0.1499
0.14648,39.26105,0.11095
0.15948,39.53505,0.1775
0.41929,41.8083,0.14905
0.31894,41.015950000000004,0.15665
0.51941,42.325950000000006,0.19605
0.15069,39.2875,0.11
0.30249,40.963499999999996,0.15825
0.21073,40.08865,0.1623
0.23943,40.06895,0.1478
0.3318,41.1081,0.12005
0.20072,40.07485,0.1607
0.36082,41.512100000000004,0.14215
0.24275,40.6908,0.1213
0.22146,40.17175,0.14915
0.12068,38.7188,0.1916
0.3416,41.236050000000006,0.16925
0.25051,40.3768,0.13165
0.38054,41.5035,0.1307
0.31079,41.16735,0.13845
0.1994,39.7468,0.14145
0.24001,40.4434,0.1643
0.50275,42.245850000000004,0.20855
0.37013,41.45035,0.1358
0.27001,40.71745,0.13725
0.26312,40.741,0.1313
0.26801,40.57475,0.16715
0.30801,41.30175,0.1182
0.25001,40.7268,0.1625
0.28051,40.7287,0.11055
0.3148,41.2541,0.12485
0.3284,41.4829,0.16575
0.32944,41.3369,0.11895
0.25848,40.489050000000006,0.14085
0.22448,40.018100000000004,0.15385
0.21079,40.2708,0.1231
0.38734,41.644400000000005,0.18525
0.30642,41.0375,0.1493
0.36491,41.5565,0.1423
0.2488,40.4827,0.1596
0.2988,40.74335000000001,0.16425
0.12365,38.9241,0.1083
0.33159,41.1189,0.1401
0.38246,41.53595,0.1824
0.24074,40.48115,0.11795
0.17144,39.637299999999996,0.17315
0.2088,40.209,0.16115
0.2896,41.065,0.1649
0.24599,40.4966,0.1219
0.13659,39.111450000000005,0.12305
0.15062,39.2057,0.11605
0.1187,38.61765,0.1244
0.24494,40.40305,0.1237
0.3507,41.3123,0.10725
0.61992,42.8334,0.1156
0.21986,40.18145,0.10825
0.09929,38.5329,0.10965
0.40996,41.8168,0.20545
0.50276,42.16425,0.2082
0.38171,41.664950000000005,0.143
0.27989,40.6469,0.11365
0.23071,40.09845,0.15255
0.42693,41.909400000000005,0.1627
0.55014,42.4891,0.14355
0.32531,41.31765,0.14105
0.35092,41.352450000000005,0.1283
0.32832,41.32245,0.18155
0.45059,41.8003,0.1316
0.06441,37.44975,0.1085
0.06559,37.262550000000005,0.12675
0.31811,41.1616,0.12465
0.14539,39.6051,0.1724
0.13947,39.129900000000006,0.1129
0.42967,42.10515,0.1527
0.21641,39.945750000000004,0.11555
0.36616,41.23675,0.1841
0.38083,41.5563,0.1382
0.42086,41.82585,0.16245
0.19958,39.96175,0.15295
0.5109,42.1706,0.17305
0.42696,41.968900000000005,0.15295
0.31579,41.2842,0.1522
0.57824,42.6302,0.1624
0.48176,42.366600000000005,0.15415
0.39267,41.53855,0.1588
0.17359,39.43825,0.1083
0.33059,41.3484,0.1153
0.29948,41.05345,0.1614
0.22943,40.30825,0.1411
0.29291,40.89425,0.1708
0.20861,39.942949999999996,0.11275
0.27509,40.6369,0.11615
0.30337,41.01825,0.11865
0.35902,41.54585,0.1342
0.3602,41.220200000000006,0.1604
0.34902,41.331649999999996,0.1223
0.63056,42.6669,0.11795
0.32092,41.369200000000006,0.15495
0.51002,42.19675,0.1182
0.36646,41.356700000000004,0.1243
0.13823,39.144400000000005,0.1038
0.1792,39.89675,0.14915
0.17157,39.57,0.11585
0.27047,40.5856,0.1242
0.34688,41.58255,0.2533
0.47942,41.9631,0.1463
0.31894,41.2669,0.137
0.51879,42.3078,0.1518
0.3799,41.53215,0.1306
0.37089,41.48805,0.26375
0.18152,39.824,0.12575
0.22374,40.10105,0.12225
0.14135,39.1922,0.13225
0.30567,41.034850000000006,0.12015
0.40471,41.47805,0.15365
0.28578,40.78725,0.1358
0.30156,40.935900000000004,0.13495
0.26388,40.581900000000005,0.12955
0.50091,42.3217,0.1963
0.30525,40.99295,0.1129
0.38598,41.632450000000006,0.126
0.1986,39.994200000000006,0.1223
0.09121,38.108050000000006,0.1103
0.47796,42.2761,0.1649
0.33159,41.181,0.11675
0.47175,42.059650000000005,0.15
0.33081,41.122600000000006,0.15595
0.26088,40.7072,0.14225
0.07141,37.507450000000006,0.1192
0.18141,39.775999999999996,0.1593
0.33829,41.26315,0.151
0.12211,38.723650000000006,0.11495
0.25012,40.463499999999996,0.14315
0.16046,39.51235,0.167
0.29843,41.34485,0.16045
0.38887,41.468050000000005,0.14095
0.29245,40.8187,0.1649
0.32841,41.0155,0.17245
0.30549,41.0495,0.13305
0.28546,40.81645,0.1395
0.42886,41.8292,0.1471
0.17967,39.831,0.1699
0.18959,39.85025,0.1605
0.24849,40.54025,0.14705
0.40927,41.83095,0.19045
0.24146,40.20675,0.13015
0.33748,41.2291,0.16625
0.0706,37.83435,0.29975
0.34546,41.3093,0.1626
0.3306,41.337050000000005,0.15615
0.05495,36.95185,0.1165
0.42359,41.72855,0.1425
0.1072,38.54495,0.1111
0.2854,40.5765,0.12315
0.32553,41.26925,0.1384
0.33493,41.09575,0.1129
0.2909,40.655950000000004,0.15955
0.44058,41.7738,0.13695
0.24111,40.44055,0.1118
0.46101,42.100350000000006,0.16435
0.11944,38.68475,0.1245
0.54539,42.69415,0.1462
0.41155,41.9589,0.1289
0.26848,40.69225,0.14435
0.04976,36.70275,0.13525
0.41131,41.931700000000006,0.15385
0.07369,37.585499999999996,0.1566
0.31841,41.4316,0.21085
0.4193,41.51135,0.152
0.42028,41.84015,0.2331
0.43885,41.81285,0.19185
0.4804,42.038650000000004,0.17225
0.1998,40.01375,0.13595
0.30143,41.16235,0.1445
0.2902,40.7912,0.13835
0.3092,40.93775,0.1462
0.2956,41.0791,0.123
0.33848,41.23335,0.13905
0.3786,41.56555,0.1463
0.0896,38.07405,0.11685
0.4507,42.0086,0.15475
0.4604,42.1511,0.14725
1.206,45.08935,0.3352
1.33,44.9534,0.1484
1.54,45.2572,0.21065
1.55,45.35705,0.18565
1.7,45.4092,0.2832
1.8,45.551100000000005,0.18795
2.26,46.227000000000004,0.2548
1.914,45.51090000000001,0.2559
1.3,44.87015,0.17875
1.34,44.815200000000004,0.1632
1.02,44.23235,0.1657
0.735,43.05605,0.134
1.12,44.4139,0.1649
1.23,44.63615,0.19155
1.23,44.8485,0.17085
0.854,43.662800000000004,0.21455
1.37,44.865899999999996,0.1622
0.9752,44.0561,0.13985
0.97,44.465450000000004,0.26175
0.74,43.1946,0.12605
1.39,44.71305,0.20125
1.305,44.6142,0.235
0.935,43.616600000000005,0.1658
1.014,44.20445,0.2291
1.315,44.89235,0.1987
1.092,43.98835,0.26405
